{"cameraMode":{"drawMode":0,"name":"Shaded","section":"Shading Mode"},"sceneLighting":false,"audioPlay":false,"sceneViewState":{"showFog":false,"showMaterialUpdate":false,"showSkybox":false,"showFlares":false,"showImageEffects":false,"showParticleSystems":true},"in2DMode":false,"pivot":{"x":-0.06373277306556702,"y":0.4907359480857849,"z":-0.03140479326248169},"rotation":{"x":0.24818450212478639,"y":-0.652922511100769,"z":0.2404179871082306,"w":0.6740147471427918},"size":3.2292699813842775,"orthographic":true}