{"cameraMode":{"drawMode":0,"name":"Shaded","section":"Shading Mode"},"sceneLighting":false,"audioPlay":false,"sceneViewState":{"showFog":false,"showMaterialUpdate":false,"showSkybox":false,"showFlares":false,"showImageEffects":false,"showParticleSystems":true},"in2DMode":false,"pivot":{"x":-0.06373277306556702,"y":0.4907359480857849,"z":-0.03140479326248169},"rotation":{"x":-0.07647939771413803,"y":0.9085263013839722,"z":-0.1910916417837143,"w":-0.3636137545108795},"size":3.2292699813842775,"orthographic":false}